id,first_name,last_name,email,gender,Drug,Diagnosis,DiagnosisDesc
1,Liv,Pirie,lpirie0@barnesandnoble.com,Female,First Aid Macimum Sterngth Bacitraycin Plus,71108,Pyogen arthritis NEC
2,Gregoor,Cartner,gcartner1@tiny.cc,Male,HYZAAR,1871,Malign neopl prepuce
3,Robena,Doolan,rdoolan2@cdc.gov,Female,NITROGEN,E8711,Postinfusion foreign bdy
4,Corette,Fitzharris,cfitzharris3@over-blog.com,Female,Nitrofurantion Macrocrystals,9799,Pois-vaccine/biolog NEC
5,Linet,Mallya,lmallya4@europa.eu,Female,NO-AD Dark Tanning SPF 4,E8688,Acc pois-carbn monox NEC
6,Delmar,Beattie,dbeattie5@ocn.ne.jp,Male,Rhus Aconitum Special Order,94352,3rd burn w loss-elbow
7,Faydra,Edgerley,fedgerley6@shareasale.com,Female,CLE DE PEAU BEAUTE FOUNDATION I,29281,Drug-induced delirium
8,Doy,Mabey,dmabey7@buzzfeed.com,Male,Honeydew Melon,66890,Anesth comp del NOS-unsp
9,Camel,Gowing,cgowing8@cbsnews.com,Genderfluid,Tetracycline-ABC,7481,Nose anomaly NEC
10,Vladimir,Sloley,vsloley9@pinterest.com,Male,Quetiapine fumarate,78009,Other alter consciousnes
11,Melodee,Simms,msimmsa@hibu.com,Female,Doxycycline,7011,"Keratoderma, acquired"
12,Chery,Surmeyers,csurmeyersb@yale.edu,Female,Hot Spot,3709,Keratitis NOS
13,Aubree,Goggey,agoggeyc@yandex.ru,Genderfluid,TIZANIDINE HYDROCHLORIDE,36203,Nonprolf db retnoph NOS
14,Angelico,Wetherburn,awetherburnd@chicagotribune.com,Male,Clorazepate Dipotassium,0231,Brucella abortus
15,Michell,Sharram,msharrame@squidoo.com,Female,Cerebromax,65930,Septicemia in labor-unsp
16,Venita,Schlagman,vschlagmanf@booking.com,Female,Hand Sanitizer with Moisturizers,01595,TB bone/jt NOS-histo dx
17,Corby,Michelle,cmichelleg@usa.gov,Male,Lactulose,67482,Puerp comp NEC-del w p/p
18,Frasquito,Huygen,fhuygenh@timesonline.co.uk,Male,Antacid,90255,Injury uterine artery
19,Alejandro,Cummungs,acummungsi@washingtonpost.com,Male,NICODERM,0491,Adenoviral meningitis
20,Gun,Coughlin,gcoughlinj@yellowpages.com,Male,Health Smart Antibacterial sweet pea orchid,36131,Round hole of retina
21,Holly,Pallent,hpallentk@chronoengine.com,Female,LBEL HYDRATESS,3561,Peroneal muscle atrophy
22,Sonnie,Bertwistle,sbertwistlel@lycos.com,Female,Calcium Acetate,64881,Abn glucose toler-deliv
23,Constantine,Bayston,cbaystonm@tinyurl.com,Female,ARRID Extra Dry,3278,Sleep organic disord NEC
24,Even,Hattrick,ehattrickn@feedburner.com,Male,Lorazepam,1705,Mal neo bones wrist/hand
25,Alphonse,Tirone,atironeo@github.com,Male,ZYRTEC,66010,Bony pelv obstruc-unspec
26,Hube,Conochie,hconochiep@sun.com,Male,Ginger,1483,Mal neo post hypopharynx
27,Bethanne,McAteer,bmcateerq@ask.com,Female,Blistex,E8247,N-traf brd/alit-pedest
28,Norby,Baldcock,nbaldcockr@salon.com,Male,Anastrozole,V618,Family circumstances NEC
29,Tabbie,Lovat,tlovats@zdnet.com,Female,Helminthosporium,6176,Endometriosis in scar
30,Edwina,Hopkyns,ehopkynst@independent.co.uk,Female,ibuprofen,V815,Screen for nephropathy
31,Doralynn,Orable,dorableu@hp.com,Female,EQUALINE,71957,Jt stiffness NEC-ankle
32,Michail,Creasy,mcreasyv@pbs.org,Male,Sulwhasoo EVENFAIR SMOOTHING FOUNDATION,99831,Disrup internal op wound
33,Wilfred,Kerwin,wkerwinw@mit.edu,Male,DIPYRIDAMOLE,5186,Alrgc brncpul asprglosis
34,Ramsay,Urey,rureyx@istockphoto.com,Male,Eve Lom Radiance Perfected Tinted Moisturiser SPF 15,34612,Mgrn wo aura wo ntrc mgr
35,Emily,Alliot,eallioty@infoseek.co.jp,Female,Cheon Shim Bo Yun,7449,Cong face/neck anom NOS
36,Kippy,Towler,ktowlerz@wikimedia.org,Male,Bisacodyl Laxative,E8853,Fall from skis
37,Marylynne,McGeown,mmcgeown10@nifty.com,Female,Nadolol,30482,Comb drug dep NEC-episod
38,Mario,Howles,mhowles11@plala.or.jp,Male,Colds and Flu/Multi Symptom Reliever,2102,Ben neo major salivary
39,Marian,Bonome,mbonome12@psu.edu,Female,Olanzapine,20108,Hodgkins paragran mult
40,Lucila,MacGahey,lmacgahey13@ted.com,Female,Flu Relief Therapy Day Time,17352,Squam cell ca skin trunk
41,Jennifer,Twallin,jtwallin14@freewebs.com,Female,RADISH,94137,3rd deg burn face NEC
42,Hunt,Willes,hwilles15@behance.net,Male,Loperamide Hydrochloride,5571,Chr vasc insuff intest
43,Aubrey,Broadfield,abroadfield16@plala.or.jp,Female,Ramipril,41411,Aneurysm coronary vessel
44,Aarika,Posnette,aposnette17@businessweek.com,Female,Azithromycin,2374,Uncer neo endocrine NEC
45,Roxie,O' Cloney,rocloney18@newsvine.com,Female,Herbon Wild Cherry,83214,Lat dislocat elbow-open
46,Ketty,MacGraith,kmacgraith19@nsw.gov.au,Female,ELF Lip Balm SPF 15 Color,E8259,Mv n-traff NEC-pers NOS
47,Jabez,Harley,jharley1a@eepurl.com,Male,isosorbide mononitrate,5999,Urinary tract dis NOS
48,Lannie,Mapplethorpe,lmapplethorpe1b@hibu.com,Male,Valacyclovir Hydrochloride,01350,TB sp crd abscess-unspec
49,Giraldo,Atterley,gatterley1c@technorati.com,Male,Nefazodone Hydrochloride,1459,Malig neoplasm mouth NOS
50,Robby,Simons,rsimons1d@github.com,Male,Bouton,30284,Sexual sadism
51,Felicio,Shawdforth,fshawdforth1e@jugem.jp,Male,Levetiracetam,V434,Blood vessel replac NEC
52,Jo ann,Gilbertson,jgilbertson1f@auda.org.au,Female,milk of magnesia,V1043,Hx of ovarian malignancy
53,Doreen,Pariso,dpariso1g@apple.com,Female,Rough Pigweed,33520,Amyotrophic sclerosis
54,Carr,Bollands,cbollands1h@smugmug.com,Male,HELIUM,0543,Herpetic encephalitis
55,Ezra,Puig,epuig1i@toplist.cz,Male,PROGESTERONE,V5427,Aftrcare path fx vertebr
56,Tanny,Orgill,torgill1j@google.de,Male,Permethrin,E8182,Mv traff acc NEC-mocycl
57,Reece,Pyper,rpyper1k@pagesperso-orange.fr,Male,MEDICATED CHEST RUB,37115,Oth deposit w metab dis
58,Jenelle,Wilcockes,jwilcockes1l@shop-pro.jp,Female,Maximum Strength Menstrual Relief,7724,NB GI hemorrhage
59,Osmond,Guiet,oguiet1m@nyu.edu,Male,Diovan HCT,74442,Branchial cleft cyst
60,Anthe,Pottery,apottery1n@mayoclinic.com,Female,Oxistat,0010,Cholera d/t vib cholerae
61,Barbe,McQuilkin,bmcquilkin1o@51.la,Female,Wal Zyr D,8502,Concussion-moderate coma
62,Coleen,Lavarack,clavarack1p@eepurl.com,Female,Anitfungal,29661,Bipol I currnt mix-mild
63,Gifford,Sapp,gsapp1q@topsy.com,Male,CHLORALUM,8505,Concussion w coma NOS
64,Jody,Widdowson,jwiddowson1r@ehow.com,Female,Acid Controller,82321,Fx shaft fibula-closed
65,Lamond,Credland,lcredland1s@chicagotribune.com,Male,Buspirone Hydrochloride,92701,Crush inj scapul region
66,Gussie,Chadwell,gchadwell1t@blogspot.com,Female,Ibuprofen,V485,Sensor prob w neck/trunk
67,Eadie,Cradick,ecradick1u@artisteer.com,Female,Tenzer,36923,One eye-moderate/oth-NOS
68,Betti,Calyton,bcalyton1v@webs.com,Female,PROLASTIN-C,80420,Cl skl/oth fx/mening hem
69,Preston,Bolesworth,pbolesworth1w@yelp.com,Male,well at walgreens lansoprazole,E9571,Injury-jump fm struc NEC
70,Durward,Maffucci,dmaffucci1x@hexun.com,Male,Allium cepa,83210,Dislocat elbow NOS-open
71,Bette-ann,Tunstall,btunstall1y@g.co,Agender,Rompe Pecho,V660,Surgical convalescence
72,Chrysler,Glowacki,cglowacki1z@smh.com.au,Female,Desoximetasone,8786,Open wound of vagina
73,Devondra,Togher,dtogher20@amazon.co.jp,Female,Losartan Potassium,2529,Parathyroid disorder NOS
74,Whitman,Guirard,wguirard21@amazon.com,Male,Losartan Potassium and Hydrochlorothiazide,71902,Joint effusion-up/arm
75,Othello,Feldberg,ofeldberg22@usatoday.com,Male,Carbon Dioxide,85309,Brain hem NEC-concussion
76,Audra,Phillott,aphillott23@hubpages.com,Female,BUNAVAIL,V332,Twin NOS-nonhosp
77,Veronique,Hannabus,vhannabus24@prweb.com,Female,Enalapril Maleate,94323,2nd deg burn upper arm
78,Almeda,Lorans,alorans25@buzzfeed.com,Non-binary,Treatment Set TS330821,V8803,Acq absnc cerv/remain ut
79,Doria,Greenway,dgreenway26@so-net.ne.jp,Female,Sumatriptan Succinate,7320,Juv osteochondros spine
80,Loella,Venard,lvenard27@mapquest.com,Female,Amoxicillin,86519,Spleen injury NEC-open
81,Orran,Sabie,osabie28@acquirethisname.com,Male,Metoprolol Tartrate and Hydrochlorothiazide,1449,Mal neo mouth floor NOS
82,Arline,Robroe,arobroe29@reddit.com,Female,Hand Repair Cream,80070,Opn skl vlt fx/menin hem
83,Cortie,Selwyn,cselwyn2a@home.pl,Male,STANDARDIZED TIMOTHY GRASS POLLEN,0792,Coxsackie virus inf NOS
84,Cherilynn,D'Costa,cdcosta2b@abc.net.au,Female,Evista,V4559,Prsc other cntrcptv dvc
85,Cordie,Kellen,ckellen2c@reuters.com,Female,Primaquine Phosphate,81213,Fx gr tuberos humer-open
86,Augusto,Bontoft,abontoft2d@soup.io,Male,Spironolactone,7636,Precipitate del aff NB
87,Linzy,Pasby,lpasby2e@sciencedaily.com,Female,CARE ONE,3511,Geniculate ganglionitis
88,Jared,Nusche,jnusche2f@weebly.com,Male,Simvastatin,45376,Ch embl internl jug vein
89,Grata,Zelland,gzelland2g@indiegogo.com,Female,Gabapentin,64091,Hem early preg-delivered
90,Pierrette,Boyda,pboyda2h@mtv.com,Polygender,Dexmedetomidine Hydrochloride,38106,Ac allerg sanguinous OM
91,Miranda,Ryland,mryland2i@friendfeed.com,Female,Hydralazine Hydrochloride,37631,Constant exophthalmos
92,Daisi,Caesman,dcaesman2j@privacy.gov.au,Female,VITAMIN D,V1044,Hx-female genit malg NEC
93,Vikki,Cawsy,vcawsy2k@amazon.com,Non-binary,Smart San Hand Sanitizer Spray,30500,Alcohol abuse-unspec
94,Pet,Braybrooke,pbraybrooke2l@360.cn,Bigender,Allergy Relief Multisymptom,20962,Benign carcinoid thymus
95,Virgilio,Blockey,vblockey2m@techcrunch.com,Male,FIRST AID Plus More Quick n Clean Antiseptic Hand Wipe,25070,DMII circ nt st uncntrld
96,Esta,Lomath,elomath2n@homestead.com,Female,Olanzapine,20060,Anaplastic lymph xtrndl
97,Nye,Frayn,nfrayn2o@51.la,Male,OPIUM,77211,"NB intraven hem,grade i"
98,Johannes,Arden,jarden2p@reverbnation.com,Male,Equaline Anti Itch,29911,Childhd disintegr-resid
99,Octavius,Fawcett,ofawcett2q@cornell.edu,Male,CaraDerma,81202,Fx anatom nck humerus-cl
100,Quentin,Howat,qhowat2r@goodreads.com,Male,Ranitidine,3452,Petit mal status
